{
    "$schema": "./zowe.schema.json",
    "profiles": {
        "LearnCOBOL": {
            "properties": {
                "host": "192.86.32.250"
            },
            "profiles": {
                "zosmf": {
                    "type": "zosmf",
                    "properties": {
                        "port": 10443
                    }
                }
            },
            "secure": [
                "user",
                "password"
            ]
        },
        "base": {
            "type": "base",
            "properties": {
                "rejectUnauthorized": false
            },
            "secure": []
        }
    },
    "defaults": {
        "zosmf": "LearnCOBOL.zosmf",
        "base": "base"
    },
    "plugins": []
}